<?xml version="1.0" encoding="UTF-8" ?>
<!-- This is a WordPress eXtended RSS file generated by WordPress as an export of your site. -->
<!-- It contains information about your site's posts, pages, comments, categories, and other content. -->
<!-- You may use this file to transfer that content from one site to another. -->
<!-- This file is not intended to serve as a complete backup of your site. -->

<!-- To import this information into a WordPress site follow these steps: -->
<!-- 1. Log in to that site as an administrator. -->
<!-- 2. Go to Tools: Import in the WordPress admin panel. -->
<!-- 3. Install the "WordPress" importer from the list. -->
<!-- 4. Activate & Run Importer. -->
<!-- 5. Upload this file using the form provided on that page. -->
<!-- 6. You will first be asked to map the authors in this export file to users -->
<!--    on the site. For each author, you may choose to map to an -->
<!--    existing user on the site or to create a new user. -->
<!-- 7. WordPress will then import each of the posts, pages, comments, categories, etc. -->
<!--    contained in this file into your site. -->

<!-- generator="WordPress/4.2.2" created="2015-06-30 00:44" -->
<rss version="2.0"
	xmlns:excerpt="http://wordpress.org/export/1.2/excerpt/"
	xmlns:content="http://purl.org/rss/1.0/modules/content/"
	xmlns:wfw="http://wellformedweb.org/CommentAPI/"
	xmlns:dc="http://purl.org/dc/elements/1.1/"
	xmlns:wp="http://wordpress.org/export/1.2/"
>

<channel>
	<title>Interior</title>
	<link>http://10.1.10.15:8888/interior</link>
	<description>Just another WordPress site</description>
	<pubDate>Tue, 30 Jun 2015 00:44:22 +0000</pubDate>
	<language>en-US</language>
	<wp:wxr_version>1.2</wp:wxr_version>
	<wp:base_site_url>http://10.1.10.15:8888/interior</wp:base_site_url>
	<wp:base_blog_url>http://10.1.10.15:8888/interior</wp:base_blog_url>

	<wp:author><wp:author_id>1</wp:author_id><wp:author_login>kennysing</wp:author_login><wp:author_email>hello@kennysing.com</wp:author_email><wp:author_display_name><![CDATA[kennysing]]></wp:author_display_name><wp:author_first_name><![CDATA[]]></wp:author_first_name><wp:author_last_name><![CDATA[]]></wp:author_last_name></wp:author>


	<generator>http://wordpress.org/?v=4.2.2</generator>

	<item>
		<title>Fullwidth Header :: Fullscreen :: Logo/Title/Subhead/Scroll</title>
		<link>http://10.1.10.15:8888/interior/et_pb_layout/fullwidth-header-fullscreen-logotitlesubheadscroll/</link>
		<pubDate>Mon, 29 Jun 2015 23:52:02 +0000</pubDate>
		<dc:creator><![CDATA[kennysing]]></dc:creator>
		<guid isPermaLink="false">http://10.1.10.15:8888/interior/et_pb_layout/fullwidth-header-fullscreen-logotitlesubheadscroll/</guid>
		<description></description>
		<content:encoded><![CDATA[[et_pb_fullwidth_header admin_label="Fullwidth Header" title="Elegant" background_layout="light" text_orientation="center" header_fullscreen="on" header_scroll_down="on" scroll_down_icon="%%0%%" background_color="rgba(255,255,255,0.0)" background_overlay_color="rgba(0,0,0,0.0)" parallax="on" parallax_method="on" content_orientation="center" image_orientation="center" title_font_select="Raleway Light" title_font="Raleway Light||" title_font_color="#ffffff" title_font_size="70px" subhead_font_select="default" subhead_font_color="#333333" button_one_font_select="default" button_one_font_color="#ffffff" button_one_background_color="rgba(0,0,0,0)" button_one_font_size="20px" button_one_border_radius="3px" button_two_font_select="default" button_two_font_color="#ffffff" button_two_background_color="rgba(0,0,0,0)" button_two_font_size="20px" button_two_border_radius="3px" scroll_down_icon_color="#ffffff" logo_image_url="http://10.1.10.15:8888/interior/wp-content/uploads/2015/05/inerior-hero-logo.png" content_font_select="default" content_font_color="#cdbfa1" content_font_size="16px" custom_button_one="off" button_one_letter_spacing="0" button_one_use_icon="default" button_one_icon_placement="right" button_one_on_hover="on" button_one_letter_spacing_hover="0" custom_button_two="off" button_two_letter_spacing="0" button_two_use_icon="default" button_two_icon_placement="right" button_two_on_hover="on" button_two_letter_spacing_hover="0" content_font="|on|" saved_tabs="all" template_type="module"]<p>START CREATING TODAY</p>[/et_pb_fullwidth_header]]]></content:encoded>
		<excerpt:encoded><![CDATA[]]></excerpt:encoded>
		<wp:post_id>405</wp:post_id>
		<wp:post_date>2015-06-29 23:52:02</wp:post_date>
		<wp:post_date_gmt>2015-06-29 23:52:02</wp:post_date_gmt>
		<wp:comment_status>open</wp:comment_status>
		<wp:ping_status>open</wp:ping_status>
		<wp:post_name>fullwidth-header-fullscreen-logotitlesubheadscroll</wp:post_name>
		<wp:status>publish</wp:status>
		<wp:post_parent>0</wp:post_parent>
		<wp:menu_order>0</wp:menu_order>
		<wp:post_type>et_pb_layout</wp:post_type>
		<wp:post_password></wp:post_password>
		<wp:is_sticky>0</wp:is_sticky>
		<category domain="module_width" nicename="fullwidth"><![CDATA[fullwidth]]></category>
		<category domain="layout_category" nicename="interior"><![CDATA[Interior]]></category>
		<category domain="layout_type" nicename="module"><![CDATA[module]]></category>
		<category domain="scope" nicename="not_global"><![CDATA[not_global]]></category>
		<wp:postmeta>
			<wp:meta_key>_et_pb_module_type</wp:meta_key>
			<wp:meta_value><![CDATA[et_pb_fullwidth_header]]></wp:meta_value>
		</wp:postmeta>
	</item>
	<item>
		<title>3 Column Row :: Fullwidth :: Gutterless :: Icon Blurbs + Scroll Arrows</title>
		<link>http://10.1.10.15:8888/interior/et_pb_layout/3-column-row-fullwidth-gutterless-icon-blurbs-scroll-arrows/</link>
		<pubDate>Mon, 29 Jun 2015 23:53:46 +0000</pubDate>
		<dc:creator><![CDATA[kennysing]]></dc:creator>
		<guid isPermaLink="false">http://10.1.10.15:8888/interior/et_pb_layout/3-column-row-fullwidth-gutterless-icon-blurbs-scroll-arrows/</guid>
		<description></description>
		<content:encoded><![CDATA[[et_pb_section transparent_background="off" background_color="#ffffff" allow_player_pause="off" inner_shadow="off" parallax="off" parallax_method="off" padding_top="0" padding_bottom="0" padding_mobile="on" custom_padding="0|0" make_fullwidth="off" use_custom_width="off" width_unit="on" make_equal="off" use_custom_gutter="off" template_type="section"][et_pb_row padding_mobile="on" make_equal="on" make_fullwidth="on" background_color_1="#bcb7b6" background_color_2="#f0e9dc" background_color_3="#ccc1b8" padding_top="0" padding_bottom="0" use_custom_width="off" custom_width="80" gutter_width="1" background_color="rgba(0,0,0,0)" allow_player_pause="off" parallax="off" parallax_method="off" width_unit="on" padding_top_1="5%" padding_right_1="5%" padding_bottom_1="5%" padding_left_1="5%" padding_top_2="5%" padding_right_2="5%" padding_bottom_2="5%" padding_left_2="5%" padding_top_3="5%" padding_right_3="5%" padding_bottom_3="5%" padding_left_3="5%" custom_padding="0|0" use_custom_gutter="on"][et_pb_column type="1_3"][et_pb_blurb admin_label="Blurb" title="Divi Theme" url_new_window="off" use_icon="off" icon_color="#7EBEC5" use_circle="off" circle_color="#7EBEC5" use_circle_border="off" circle_border_color="#7EBEC5" icon_placement="top" animation="off" background_layout="light" text_orientation="center" use_icon_font_size="off" icon_font_size="32px" header_font_select="default" header_font="|on|" header_font_size="17px" header_use_text_color="on" header_text_color="#f3eee6" header_letter_spacing="1px" header_line_height="1.6em" body_font_select="default" body_font_size="14px" body_use_text_color="on" body_text_color="#f3eee6" use_background_color="off" use_border_color="off" border_color="#ffffff" border_style="solid" custom_padding="||35px|"]<p>Donec ullamcorper nulla non metus aufringilla. Nulla vitae elit libero, a pharetra augue. Nullam id dolor.</p>[/et_pb_blurb][et_pb_blurb admin_label="Blurb" url="#" url_new_window="off" use_icon="on" font_icon="%%26%%" icon_color="rgba(0,0,0,0.3)" use_circle="off" circle_color="#7EBEC5" use_circle_border="off" circle_border_color="#7EBEC5" icon_placement="top" animation="off" background_layout="light" text_orientation="center" use_icon_font_size="on" icon_font_size="32px" header_font_select="default" header_font_size="18px" body_font_select="default" body_font_size="14px" use_border_color="off" border_color="#ffffff" border_style="solid" custom_css_blurb_image="margin-bottom: 0;"]<br />[/et_pb_blurb][/et_pb_column][et_pb_column type="1_3"][et_pb_blurb admin_label="Blurb" title="Divi Theme" url_new_window="off" use_icon="off" icon_color="#7EBEC5" use_circle="off" circle_color="#7EBEC5" use_circle_border="off" circle_border_color="#7EBEC5" icon_placement="top" animation="off" background_layout="light" text_orientation="center" use_icon_font_size="off" icon_font_size="32px" header_font_select="default" header_font="|on|||" header_font_size="17px" header_use_text_color="on" header_text_color="#a19492" header_letter_spacing="1px" header_line_height="1.6em" body_font_select="default" body_font_size="14px" body_use_text_color="on" body_text_color="#a19492" use_background_color="off" use_border_color="off" border_color="#ffffff" border_style="solid" custom_padding="||35px|"]<p>Donec ullamcorper nulla non metus aufringilla. Nulla vitae elit libero, a pharetra augue. Nullam id dolor.</p>[/et_pb_blurb][et_pb_blurb admin_label="Blurb" url="#" url_new_window="off" use_icon="on" font_icon="%%26%%" icon_color="rgba(0,0,0,0.3)" use_circle="off" circle_color="#7EBEC5" use_circle_border="off" circle_border_color="#7EBEC5" icon_placement="top" animation="off" background_layout="light" text_orientation="center" use_icon_font_size="on" icon_font_size="32px" header_font_select="default" header_font_size="18px" body_font_select="default" body_font_size="14px" use_border_color="off" border_color="#ffffff" border_style="solid" custom_css_blurb_image="margin-bottom: 0;"]<br />[/et_pb_blurb][/et_pb_column][et_pb_column type="1_3"][et_pb_blurb admin_label="Blurb" title="Divi Theme" url_new_window="off" use_icon="off" icon_color="#7EBEC5" use_circle="off" circle_color="#7EBEC5" use_circle_border="off" circle_border_color="#7EBEC5" icon_placement="top" animation="off" background_layout="light" text_orientation="center" use_icon_font_size="off" icon_font_size="32px" header_font_select="default" header_font="|on|" header_font_size="17px" header_use_text_color="on" header_text_color="#716962" header_letter_spacing="1px" header_line_height="1.6em" body_font_select="default" body_font_size="14px" body_use_text_color="on" body_text_color="#716962" body_line_height="1.7" use_background_color="off" use_border_color="off" border_color="#ffffff" border_style="solid" custom_padding="||35px|"]<p>Donec ullamcorper nulla non metus aufringilla. Nulla vitae elit libero, a pharetra augue. Nullam id dolor.</p>[/et_pb_blurb][et_pb_blurb admin_label="Blurb" url="#" url_new_window="off" use_icon="on" font_icon="%%26%%" icon_color="rgba(0,0,0,0.3)" use_circle="off" circle_color="#7EBEC5" use_circle_border="off" circle_border_color="#7EBEC5" icon_placement="top" animation="off" background_layout="light" text_orientation="center" use_icon_font_size="on" icon_font_size="32px" header_font_select="default" header_font_size="18px" body_font_select="default" body_font_size="14px" use_border_color="off" border_color="#ffffff" border_style="solid" custom_css_blurb_image="margin-bottom: 0;"]<br />[/et_pb_blurb][/et_pb_column][/et_pb_row][/et_pb_section]]]></content:encoded>
		<excerpt:encoded><![CDATA[]]></excerpt:encoded>
		<wp:post_id>408</wp:post_id>
		<wp:post_date>2015-06-29 23:53:46</wp:post_date>
		<wp:post_date_gmt>2015-06-29 23:53:46</wp:post_date_gmt>
		<wp:comment_status>open</wp:comment_status>
		<wp:ping_status>open</wp:ping_status>
		<wp:post_name>3-column-row-fullwidth-gutterless-icon-blurbs-scroll-arrows</wp:post_name>
		<wp:status>publish</wp:status>
		<wp:post_parent>0</wp:post_parent>
		<wp:menu_order>0</wp:menu_order>
		<wp:post_type>et_pb_layout</wp:post_type>
		<wp:post_password></wp:post_password>
		<wp:is_sticky>0</wp:is_sticky>
		<category domain="layout_category" nicename="interior"><![CDATA[Interior]]></category>
		<category domain="scope" nicename="not_global"><![CDATA[not_global]]></category>
		<category domain="module_width" nicename="regular"><![CDATA[regular]]></category>
		<category domain="layout_type" nicename="section"><![CDATA[section]]></category>
	</item>
	<item>
		<title>2 Column Row :: Fullwidth :: Padding Bottom 0 :: Text/Gallery Left :: Image Right</title>
		<link>http://10.1.10.15:8888/interior/et_pb_layout/2-column-row-fullwidth-textgallery-left-image-right/</link>
		<pubDate>Mon, 29 Jun 2015 23:55:31 +0000</pubDate>
		<dc:creator><![CDATA[kennysing]]></dc:creator>
		<guid isPermaLink="false">http://10.1.10.15:8888/interior/et_pb_layout/2-column-row-fullwidth-textgallery-left-image-right/</guid>
		<description></description>
		<content:encoded><![CDATA[[et_pb_section fullwidth="off" specialty="off" transparent_background="off" background_color="#f0f0f0" allow_player_pause="off" inner_shadow="off" parallax="off" parallax_method="off" padding_mobile="on" padding_bottom="0" custom_padding="|0" make_fullwidth="off" use_custom_width="off" width_unit="on" make_equal="off" use_custom_gutter="off" template_type="section"][et_pb_row make_fullwidth="on" use_custom_width="off" custom_width="80" padding_bottom="0" padding_mobile="on" background_color="rgba(0,0,0,0)" allow_player_pause="off" parallax="off" parallax_method="off" make_equal="off" background_color_1="rgba(0,0,0,0)" background_color_2="rgba(0,0,0,0)" width_unit="on" custom_padding="|0" use_custom_gutter="off"][et_pb_column type="1_2"][et_pb_text admin_label="Text" background_layout="light" text_orientation="left" font_select="default" text_size="14px" text_color="#7d776f" letter_spacing="0px" line_height="1.7em" use_border_color="off" border_color="#ffffff" border_style="solid" saved_tabs="all"]<h2>Divi Theme</h2>
<p>Donec ullamcorper nulla non metus auctor fringilla. Nulla vitae elit libero, a pharetra augue.</p>
<p><a style="font-style: italic;" href="#"><strong>Custom Link &gt;</strong></a></p>[/et_pb_text][et_pb_image admin_label="Image" src="http://elegantthemesimages.com/images/premade/d2-placeholder-1080px.jpg" show_in_lightbox="on" url_new_window="off" animation="off" sticky="off" align="center" use_border_color="off" border_color="#ffffff" border_style="solid" custom_css_main_element="width: 30%; margin-right: 5%; float: left;" force_fullwidth="off" always_center_on_mobile="on" /][et_pb_image admin_label="Image" src="http://elegantthemesimages.com/images/premade/d2-placeholder-1080px.jpg" show_in_lightbox="on" url_new_window="off" animation="off" sticky="off" align="center" use_border_color="off" border_color="#ffffff" border_style="solid" custom_css_main_element="width: 30%; margin-right: 5%; float: left;" force_fullwidth="off" always_center_on_mobile="on" /][et_pb_image admin_label="Image" src="http://elegantthemesimages.com/images/premade/d2-placeholder-1080px.jpg" show_in_lightbox="on" url_new_window="off" animation="off" sticky="off" align="center" use_border_color="off" border_color="#ffffff" border_style="solid" custom_css_main_element="width: 30%; margin-right: 0; float: left;" force_fullwidth="off" always_center_on_mobile="on" /][/et_pb_column][et_pb_column type="1_2"][et_pb_image admin_label="Image" src="http://elegantthemesimages.com/images/premade/d2-placeholder-1080px.jpg" show_in_lightbox="off" url_new_window="off" animation="off" sticky="off" align="center" use_border_color="off" border_color="#ffffff" border_style="solid" force_fullwidth="off" always_center_on_mobile="on" /][/et_pb_column][/et_pb_row][/et_pb_section]]]></content:encoded>
		<excerpt:encoded><![CDATA[]]></excerpt:encoded>
		<wp:post_id>410</wp:post_id>
		<wp:post_date>2015-06-29 23:55:31</wp:post_date>
		<wp:post_date_gmt>2015-06-29 23:55:31</wp:post_date_gmt>
		<wp:comment_status>closed</wp:comment_status>
		<wp:ping_status>closed</wp:ping_status>
		<wp:post_name>2-column-row-fullwidth-textgallery-left-image-right</wp:post_name>
		<wp:status>publish</wp:status>
		<wp:post_parent>0</wp:post_parent>
		<wp:menu_order>0</wp:menu_order>
		<wp:post_type>et_pb_layout</wp:post_type>
		<wp:post_password></wp:post_password>
		<wp:is_sticky>0</wp:is_sticky>
		<category domain="layout_category" nicename="interior"><![CDATA[Interior]]></category>
		<category domain="scope" nicename="not_global"><![CDATA[not_global]]></category>
		<category domain="module_width" nicename="regular"><![CDATA[regular]]></category>
		<category domain="layout_type" nicename="section"><![CDATA[section]]></category>
		<wp:postmeta>
			<wp:meta_key>_edit_last</wp:meta_key>
			<wp:meta_value><![CDATA[1]]></wp:meta_value>
		</wp:postmeta>
	</item>
	<item>
		<title>2 Column Row :: Fullwidth :: Padding Top 0 :: Image Left :: Text Right</title>
		<link>http://10.1.10.15:8888/interior/et_pb_layout/2-column-row-fullwidth-image-left-text-right/</link>
		<pubDate>Mon, 29 Jun 2015 23:55:51 +0000</pubDate>
		<dc:creator><![CDATA[kennysing]]></dc:creator>
		<guid isPermaLink="false">http://10.1.10.15:8888/interior/et_pb_layout/2-column-row-fullwidth-image-left-text-right/</guid>
		<description></description>
		<content:encoded><![CDATA[[et_pb_section fullwidth="off" specialty="off" transparent_background="off" background_color="#d7d8d2" allow_player_pause="off" inner_shadow="off" parallax="off" parallax_method="off" padding_mobile="on" padding_top="0" custom_padding="0|" make_fullwidth="off" use_custom_width="off" width_unit="on" make_equal="off" use_custom_gutter="off" template_type="section"][et_pb_row make_fullwidth="on" use_custom_width="off" custom_width="80" padding_mobile="on" background_color="rgba(0,0,0,0)" allow_player_pause="off" parallax="off" parallax_method="off" make_equal="off" background_color_1="rgba(0,0,0,0)" background_color_2="rgba(0,0,0,0)" padding_top="0" width_unit="on" custom_padding="0|" use_custom_gutter="off"][et_pb_column type="1_2"][et_pb_image admin_label="Image" src="http://elegantthemesimages.com/images/premade/d2-placeholder-1080px.jpg" show_in_lightbox="off" url_new_window="off" animation="off" sticky="off" align="center" use_border_color="off" border_color="#ffffff" border_style="solid" force_fullwidth="off" always_center_on_mobile="on" /][/et_pb_column][et_pb_column type="1_2"][et_pb_text admin_label="Text" background_layout="light" text_orientation="left" font_select="default" text_size="14px" text_color="#7d776f" letter_spacing="0px" line_height="1.7em" use_border_color="off" border_color="#ffffff" border_style="solid" custom_margin="80px|||"]<h2>Divi Theme</h2>
<p>Donec ullamcorper nulla non metus auctor fringilla. Nulla vitae elit libero, a pharetra augue. Nullam id dolor id nibh ultricies vehicula ut id elit. Vivamus sagittis lacus vel augue laoreet rutrum faucibus dolor auctor.</p>
<p><a style="font-style: italic;" href="#"><strong>Custom Link &gt;</strong></a></p>[/et_pb_text][/et_pb_column][/et_pb_row][/et_pb_section]]]></content:encoded>
		<excerpt:encoded><![CDATA[]]></excerpt:encoded>
		<wp:post_id>411</wp:post_id>
		<wp:post_date>2015-06-29 23:55:51</wp:post_date>
		<wp:post_date_gmt>2015-06-29 23:55:51</wp:post_date_gmt>
		<wp:comment_status>closed</wp:comment_status>
		<wp:ping_status>closed</wp:ping_status>
		<wp:post_name>2-column-row-fullwidth-image-left-text-right</wp:post_name>
		<wp:status>publish</wp:status>
		<wp:post_parent>0</wp:post_parent>
		<wp:menu_order>0</wp:menu_order>
		<wp:post_type>et_pb_layout</wp:post_type>
		<wp:post_password></wp:post_password>
		<wp:is_sticky>0</wp:is_sticky>
		<category domain="scope" nicename="not_global"><![CDATA[not_global]]></category>
		<category domain="module_width" nicename="regular"><![CDATA[regular]]></category>
		<category domain="layout_type" nicename="section"><![CDATA[section]]></category>
		<wp:postmeta>
			<wp:meta_key>_edit_last</wp:meta_key>
			<wp:meta_value><![CDATA[1]]></wp:meta_value>
		</wp:postmeta>
	</item>
	<item>
		<title>Interior Demo :: Homepage Layout</title>
		<link>http://10.1.10.15:8888/interior/et_pb_layout/interior-demo-homepage-layout/</link>
		<pubDate>Mon, 29 Jun 2015 23:57:32 +0000</pubDate>
		<dc:creator><![CDATA[kennysing]]></dc:creator>
		<guid isPermaLink="false">http://10.1.10.15:8888/interior/et_pb_layout/interior-demo-homepage-layout/</guid>
		<description></description>
		<content:encoded><![CDATA[[et_pb_section fullwidth="on" specialty="off" transparent_background="off" background_color="#686b74" allow_player_pause="off" inner_shadow="off" parallax="off" parallax_method="off" padding_mobile="off"][et_pb_fullwidth_header admin_label="Fullwidth Header" title="Elegant" background_layout="light" text_orientation="center" header_fullscreen="on" header_scroll_down="on" scroll_down_icon="%%0%%" background_color="rgba(255,255,255,0.0)" background_overlay_color="rgba(0,0,0,0.0)" parallax="on" parallax_method="on" content_orientation="center" image_orientation="center" title_font_select="Raleway Light" title_font="Raleway Light||" title_font_color="#ffffff" title_font_size="70px" subhead_font_select="default" subhead_font_color="#333333" button_one_font_select="default" button_one_font_color="#ffffff" button_one_background_color="rgba(0,0,0,0)" button_one_font_size="20px" button_one_border_radius="3px" button_two_font_select="default" button_two_font_color="#ffffff" button_two_background_color="rgba(0,0,0,0)" button_two_font_size="20px" button_two_border_radius="3px" scroll_down_icon_color="#ffffff" logo_image_url="http://10.1.10.15:8888/interior/wp-content/uploads/2015/05/inerior-hero-logo.png" content_font_select="default" content_font_color="#cdbfa1" content_font_size="16px" custom_button_one="off" button_one_letter_spacing="0" button_one_use_icon="default" button_one_icon_placement="right" button_one_on_hover="on" button_one_letter_spacing_hover="0" custom_button_two="off" button_two_letter_spacing="0" button_two_use_icon="default" button_two_icon_placement="right" button_two_on_hover="on" button_two_letter_spacing_hover="0" content_font="|on|" saved_tabs="all"]<p>START CREATING TODAY</p>[/et_pb_fullwidth_header][/et_pb_section][et_pb_section transparent_background="off" background_color="#ffffff" allow_player_pause="off" inner_shadow="off" parallax="off" parallax_method="off" padding_top="0" padding_bottom="0" padding_mobile="on" custom_padding="0|0" make_fullwidth="off" use_custom_width="off" width_unit="on" make_equal="off" use_custom_gutter="off"][et_pb_row padding_mobile="on" make_equal="on" make_fullwidth="on" background_color_1="#bcb7b6" background_color_2="#f0e9dc" background_color_3="#ccc1b8" padding_top="0" padding_bottom="0" use_custom_width="off" custom_width="80" gutter_width="1" background_color="rgba(0,0,0,0)" allow_player_pause="off" parallax="off" parallax_method="off" width_unit="on" padding_top_1="5%" padding_right_1="5%" padding_bottom_1="5%" padding_left_1="5%" padding_top_2="5%" padding_right_2="5%" padding_bottom_2="5%" padding_left_2="5%" padding_top_3="5%" padding_right_3="5%" padding_bottom_3="5%" padding_left_3="5%" custom_padding="0|0" use_custom_gutter="on"][et_pb_column type="1_3"][et_pb_blurb admin_label="Blurb" title="Divi Theme" url_new_window="off" use_icon="off" icon_color="#7EBEC5" use_circle="off" circle_color="#7EBEC5" use_circle_border="off" circle_border_color="#7EBEC5" icon_placement="top" animation="off" background_layout="light" text_orientation="center" use_icon_font_size="off" icon_font_size="32px" header_font_select="default" header_font="|on|" header_font_size="17px" header_use_text_color="on" header_text_color="#f3eee6" header_letter_spacing="1px" header_line_height="1.6em" body_font_select="default" body_font_size="14px" body_use_text_color="on" body_text_color="#f3eee6" use_background_color="off" use_border_color="off" border_color="#ffffff" border_style="solid" custom_padding="||35px|"]<p>Donec ullamcorper nulla non metus aufringilla. Nulla vitae elit libero, a pharetra augue. Nullam id dolor.</p>[/et_pb_blurb][et_pb_blurb admin_label="Blurb" url="#" url_new_window="off" use_icon="on" font_icon="%%26%%" icon_color="rgba(0,0,0,0.3)" use_circle="off" circle_color="#7EBEC5" use_circle_border="off" circle_border_color="#7EBEC5" icon_placement="top" animation="off" background_layout="light" text_orientation="center" use_icon_font_size="on" icon_font_size="32px" header_font_select="default" header_font_size="18px" body_font_select="default" body_font_size="14px" use_border_color="off" border_color="#ffffff" border_style="solid" custom_css_blurb_image="margin-bottom: 0;"]<br />[/et_pb_blurb][/et_pb_column][et_pb_column type="1_3"][et_pb_blurb admin_label="Blurb" title="Divi Theme" url_new_window="off" use_icon="off" icon_color="#7EBEC5" use_circle="off" circle_color="#7EBEC5" use_circle_border="off" circle_border_color="#7EBEC5" icon_placement="top" animation="off" background_layout="light" text_orientation="center" use_icon_font_size="off" icon_font_size="32px" header_font_select="default" header_font="|on|||" header_font_size="17px" header_use_text_color="on" header_text_color="#a19492" header_letter_spacing="1px" header_line_height="1.6em" body_font_select="default" body_font_size="14px" body_use_text_color="on" body_text_color="#a19492" use_background_color="off" use_border_color="off" border_color="#ffffff" border_style="solid" custom_padding="||35px|"]<p>Donec ullamcorper nulla non metus aufringilla. Nulla vitae elit libero, a pharetra augue. Nullam id dolor.</p>[/et_pb_blurb][et_pb_blurb admin_label="Blurb" url="#" url_new_window="off" use_icon="on" font_icon="%%26%%" icon_color="rgba(0,0,0,0.3)" use_circle="off" circle_color="#7EBEC5" use_circle_border="off" circle_border_color="#7EBEC5" icon_placement="top" animation="off" background_layout="light" text_orientation="center" use_icon_font_size="on" icon_font_size="32px" header_font_select="default" header_font_size="18px" body_font_select="default" body_font_size="14px" use_border_color="off" border_color="#ffffff" border_style="solid" custom_css_blurb_image="margin-bottom: 0;"]<br />[/et_pb_blurb][/et_pb_column][et_pb_column type="1_3"][et_pb_blurb admin_label="Blurb" title="Divi Theme" url_new_window="off" use_icon="off" icon_color="#7EBEC5" use_circle="off" circle_color="#7EBEC5" use_circle_border="off" circle_border_color="#7EBEC5" icon_placement="top" animation="off" background_layout="light" text_orientation="center" use_icon_font_size="off" icon_font_size="32px" header_font_select="default" header_font="|on|" header_font_size="17px" header_use_text_color="on" header_text_color="#716962" header_letter_spacing="1px" header_line_height="1.6em" body_font_select="default" body_font_size="14px" body_use_text_color="on" body_text_color="#716962" body_line_height="1.7" use_background_color="off" use_border_color="off" border_color="#ffffff" border_style="solid" custom_padding="||35px|"]<p>Donec ullamcorper nulla non metus aufringilla. Nulla vitae elit libero, a pharetra augue. Nullam id dolor.</p>[/et_pb_blurb][et_pb_blurb admin_label="Blurb" url="#" url_new_window="off" use_icon="on" font_icon="%%26%%" icon_color="rgba(0,0,0,0.3)" use_circle="off" circle_color="#7EBEC5" use_circle_border="off" circle_border_color="#7EBEC5" icon_placement="top" animation="off" background_layout="light" text_orientation="center" use_icon_font_size="on" icon_font_size="32px" header_font_select="default" header_font_size="18px" body_font_select="default" body_font_size="14px" use_border_color="off" border_color="#ffffff" border_style="solid" custom_css_blurb_image="margin-bottom: 0;"]<br />[/et_pb_blurb][/et_pb_column][/et_pb_row][/et_pb_section][et_pb_section fullwidth="on" specialty="off" transparent_background="off" background_color="#ffffff" allow_player_pause="off" inner_shadow="off" parallax="off" parallax_method="off" padding_mobile="off" make_fullwidth="off" use_custom_width="off" width_unit="on" make_equal="off" use_custom_gutter="off"][et_pb_fullwidth_image admin_label="Fullwidth Image" src="http://elegantthemesimages.com/images/premade/d2-placeholder-1080px.jpg" show_in_lightbox="off" url_new_window="off" animation="off" use_border_color="off" border_color="#ffffff" border_style="solid" /][/et_pb_section][et_pb_section fullwidth="off" specialty="off" transparent_background="off" background_color="#f0f0f0" allow_player_pause="off" inner_shadow="off" parallax="off" parallax_method="off" padding_mobile="on" padding_bottom="0" custom_padding="|0" make_fullwidth="off" use_custom_width="off" width_unit="on" make_equal="off" use_custom_gutter="off"][et_pb_row make_fullwidth="on" use_custom_width="off" custom_width="80" padding_bottom="0" padding_mobile="on" background_color="rgba(0,0,0,0)" allow_player_pause="off" parallax="off" parallax_method="off" make_equal="off" background_color_1="rgba(0,0,0,0)" background_color_2="rgba(0,0,0,0)" width_unit="on" custom_padding="|0" use_custom_gutter="off"][et_pb_column type="1_2"][et_pb_text admin_label="Text" background_layout="light" text_orientation="left" font_select="default" text_size="14px" text_color="#7d776f" letter_spacing="0px" line_height="1.7em" use_border_color="off" border_color="#ffffff" border_style="solid" saved_tabs="all"]<h2>Divi Theme</h2>
<p>Donec ullamcorper nulla non metus auctor fringilla. Nulla vitae elit libero, a pharetra augue.</p>
<p><a style="font-style: italic;" href="#"><strong>Custom Link &gt;</strong></a></p>[/et_pb_text][et_pb_image admin_label="Image" src="http://elegantthemesimages.com/images/premade/d2-placeholder-1080px.jpg" show_in_lightbox="on" url_new_window="off" animation="off" sticky="off" align="center" use_border_color="off" border_color="#ffffff" border_style="solid" custom_css_main_element="width: 30%; margin-right: 5%; float: left;" force_fullwidth="off" always_center_on_mobile="on" /][et_pb_image admin_label="Image" src="http://elegantthemesimages.com/images/premade/d2-placeholder-1080px.jpg" show_in_lightbox="on" url_new_window="off" animation="off" sticky="off" align="center" use_border_color="off" border_color="#ffffff" border_style="solid" custom_css_main_element="width: 30%; margin-right: 5%; float: left;" force_fullwidth="off" always_center_on_mobile="on" /][et_pb_image admin_label="Image" src="http://elegantthemesimages.com/images/premade/d2-placeholder-1080px.jpg" show_in_lightbox="on" url_new_window="off" animation="off" sticky="off" align="center" use_border_color="off" border_color="#ffffff" border_style="solid" custom_css_main_element="width: 30%; margin-right: 0; float: left;" force_fullwidth="off" always_center_on_mobile="on" /][/et_pb_column][et_pb_column type="1_2"][et_pb_image admin_label="Image" src="http://elegantthemesimages.com/images/premade/d2-placeholder-1080px.jpg" show_in_lightbox="off" url_new_window="off" animation="off" sticky="off" align="center" use_border_color="off" border_color="#ffffff" border_style="solid" force_fullwidth="off" always_center_on_mobile="on" /][/et_pb_column][/et_pb_row][/et_pb_section][et_pb_section fullwidth="off" specialty="off" transparent_background="off" background_color="#d7d8d2" allow_player_pause="off" inner_shadow="off" parallax="off" parallax_method="off" padding_mobile="on" padding_top="0" custom_padding="0|" make_fullwidth="off" use_custom_width="off" width_unit="on" make_equal="off" use_custom_gutter="off"][et_pb_row make_fullwidth="on" use_custom_width="off" custom_width="80" padding_mobile="on" background_color="rgba(0,0,0,0)" allow_player_pause="off" parallax="off" parallax_method="off" make_equal="off" background_color_1="rgba(0,0,0,0)" background_color_2="rgba(0,0,0,0)" padding_top="0" width_unit="on" custom_padding="0|" use_custom_gutter="off"][et_pb_column type="1_2"][et_pb_image admin_label="Image" src="http://elegantthemesimages.com/images/premade/d2-placeholder-1080px.jpg" show_in_lightbox="off" url_new_window="off" animation="off" sticky="off" align="center" use_border_color="off" border_color="#ffffff" border_style="solid" force_fullwidth="off" always_center_on_mobile="on" /][/et_pb_column][et_pb_column type="1_2"][et_pb_text admin_label="Text" background_layout="light" text_orientation="left" font_select="default" text_size="14px" text_color="#7d776f" letter_spacing="0px" line_height="1.7em" use_border_color="off" border_color="#ffffff" border_style="solid" custom_margin="80px|||"]<h2>Divi Theme</h2>
<p>Donec ullamcorper nulla non metus auctor fringilla. Nulla vitae elit libero, a pharetra augue. Nullam id dolor id nibh ultricies vehicula ut id elit. Vivamus sagittis lacus vel augue laoreet rutrum faucibus dolor auctor.</p>
<p><a style="font-style: italic;" href="#"><strong>Custom Link &gt;</strong></a></p>[/et_pb_text][/et_pb_column][/et_pb_row][/et_pb_section][et_pb_section fullwidth="off" specialty="off" transparent_background="off" background_color="#f5f5f2" allow_player_pause="off" inner_shadow="off" parallax="off" parallax_method="off" padding_mobile="on" padding_top="0" padding_bottom="0" custom_padding="0|0" make_fullwidth="off" use_custom_width="off" width_unit="on" make_equal="off" use_custom_gutter="off"][et_pb_row make_fullwidth="on" use_custom_width="off" custom_width="80" gutter_width="1" padding_mobile="on" background_color="rgba(0,0,0,0)" allow_player_pause="off" parallax="off" parallax_method="off" make_equal="off" background_color_1="rgba(0,0,0,0)" background_color_2="rgba(0,0,0,0)" padding_top="0" padding_bottom="0" width_unit="on" custom_padding="0|0" use_custom_gutter="on"][et_pb_column type="2_3"][et_pb_text admin_label="Text" background_layout="light" text_orientation="left" font_select="default" text_size="14px" text_color="7d776f" letter_spacing="0px" line_height="1.7em" use_border_color="off" border_color="#ffffff" border_style="solid" custom_padding="15%|15%|15%|15%"]<h2>Divi Theme</h2>
<p>Donec ullamcorper nulla non metus auctor fringilla. Nulla vitae elit libero, a pharetra augue. Nullam id dolor id nibh ultricies vehicula ut id elit. Vivamus sagittis lacus vel augue laoreet rutrum faucibus dolor auctor.</p>
<p><a style="font-style: italic;" href="#"><strong>Custom Link &gt;</strong></a></p>[/et_pb_text][/et_pb_column][et_pb_column type="1_3"][et_pb_gallery admin_label="Gallery" fullwidth="on" show_title_and_caption="off" show_pagination="off" background_layout="light" auto="on" auto_speed="5000" hover_overlay_color="rgba(255,255,255,0.9)" caption_all_caps="off" use_border_color="off" border_color="#ffffff" border_style="solid" /][/et_pb_column][/et_pb_row][/et_pb_section][et_pb_section fullwidth="off" specialty="off" transparent_background="off" background_color="#f5f5f2" allow_player_pause="off" inner_shadow="off" parallax="off" parallax_method="off" padding_mobile="on" padding_top="0" padding_bottom="0" custom_padding="0|0" make_fullwidth="off" use_custom_width="off" width_unit="on" make_equal="off" use_custom_gutter="off"][et_pb_row make_fullwidth="on" use_custom_width="off" custom_width="80" gutter_width="1" padding_mobile="on" background_color="rgba(0,0,0,0)" allow_player_pause="off" parallax="off" parallax_method="off" make_equal="off" background_color_1="rgba(0,0,0,0)" background_color_2="rgba(0,0,0,0)" background_color_3="rgba(0,0,0,0)" padding_top="0" padding_bottom="0" width_unit="on" custom_padding="0|0" use_custom_gutter="on"][et_pb_column type="1_3"][et_pb_image admin_label="Image" src="http://elegantthemesimages.com/images/premade/d2-placeholder-1080px.jpg" show_in_lightbox="on" url_new_window="off" animation="off" sticky="off" align="center" use_border_color="off" border_color="#ffffff" border_style="solid" force_fullwidth="off" always_center_on_mobile="on" /][/et_pb_column][et_pb_column type="1_3"][et_pb_image admin_label="Image" src="http://elegantthemesimages.com/images/premade/d2-placeholder-1080px.jpg" show_in_lightbox="on" url_new_window="off" animation="off" sticky="off" align="center" use_border_color="off" border_color="#ffffff" border_style="solid" force_fullwidth="off" always_center_on_mobile="on" /][/et_pb_column][et_pb_column type="1_3"][et_pb_image admin_label="Image" src="http://elegantthemesimages.com/images/premade/d2-placeholder-1080px.jpg" show_in_lightbox="on" url_new_window="off" animation="off" sticky="off" align="center" use_border_color="off" border_color="#ffffff" border_style="solid" force_fullwidth="off" always_center_on_mobile="on" /][/et_pb_column][/et_pb_row][/et_pb_section][et_pb_section fullwidth="off" specialty="off" transparent_background="off" background_color="#61646c" allow_player_pause="off" inner_shadow="off" parallax="off" parallax_method="off" padding_mobile="off" make_fullwidth="off" use_custom_width="off" width_unit="on" make_equal="off" use_custom_gutter="off"][et_pb_row make_fullwidth="off" use_custom_width="off" custom_width="680px" gutter_width="3" padding_mobile="off" background_color="rgba(0,0,0,0)" allow_player_pause="off" parallax="off" parallax_method="off" make_equal="off" background_color_1="rgba(0,0,0,0)"][et_pb_column type="4_4"][et_pb_text admin_label="Text" background_layout="light" text_orientation="center" font_select="default" text_size="14px" text_color="#d7d8d2" letter_spacing="0px" line_height="1.7em" use_border_color="off" border_color="#ffffff" border_style="solid" custom_css_main_element="max-width: 680px; margin: auto;" text_text_color="#d7d8d2"]<h2 style="color: #f5f5f2;">Get In Touch</h2>
<p>Leave your name and email below along with what you are looking for in the message box. Or you can call us at 123.456.789.</p>[/et_pb_text][/et_pb_column][/et_pb_row][et_pb_row make_fullwidth="off" use_custom_width="off" custom_width="80" gutter_width="3" padding_mobile="off" background_color="rgba(0,0,0,0)" allow_player_pause="off" parallax="off" parallax_method="off" make_equal="off" background_color_1="rgba(0,0,0,0)"][et_pb_column type="4_4"][et_pb_contact_form admin_label="Contact Form" captcha="off" use_form_background_color="on" form_background_color="rgba(0,0,0,0.1)" title_font_select="default" title_font_size="26px" form_field_font_select="default" form_field_font_size="14px" use_border_color="off" border_color="#ffffff" border_style="solid" custom_css_main_element="max-width: 680px; margin: auto" custom_css_contact_button="float: none;" custom_button="off" button_use_icon="default" button_icon_placement="right" button_on_hover="on" button_letter_spacing="0" button_letter_spacing_hover="0" /][/et_pb_column][/et_pb_row][/et_pb_section]]]></content:encoded>
		<excerpt:encoded><![CDATA[]]></excerpt:encoded>
		<wp:post_id>415</wp:post_id>
		<wp:post_date>2015-06-29 23:57:32</wp:post_date>
		<wp:post_date_gmt>2015-06-29 23:57:32</wp:post_date_gmt>
		<wp:comment_status>open</wp:comment_status>
		<wp:ping_status>open</wp:ping_status>
		<wp:post_name>interior-demo-homepage-layout</wp:post_name>
		<wp:status>publish</wp:status>
		<wp:post_parent>0</wp:post_parent>
		<wp:menu_order>0</wp:menu_order>
		<wp:post_type>et_pb_layout</wp:post_type>
		<wp:post_password></wp:post_password>
		<wp:is_sticky>0</wp:is_sticky>
		<category domain="layout_type" nicename="layout"><![CDATA[layout]]></category>
		<category domain="scope" nicename="not_global"><![CDATA[not_global]]></category>
		<category domain="module_width" nicename="regular"><![CDATA[regular]]></category>
	</item>
	<item>
		<title>2/3_1/3 Column Row :: Fullwidth :: Gutterless :: Text Left :: Image Slider Right</title>
		<link>http://10.1.10.15:8888/interior/et_pb_layout/23_13-column-row-fullwidth-gutterless-text-left-image-slider-right/</link>
		<pubDate>Mon, 29 Jun 2015 23:58:44 +0000</pubDate>
		<dc:creator><![CDATA[kennysing]]></dc:creator>
		<guid isPermaLink="false">http://10.1.10.15:8888/interior/et_pb_layout/23_13-column-row-fullwidth-gutterless-text-left-image-slider-right/</guid>
		<description></description>
		<content:encoded><![CDATA[[et_pb_section fullwidth="off" specialty="off" transparent_background="off" background_color="#f5f5f2" allow_player_pause="off" inner_shadow="off" parallax="off" parallax_method="off" padding_mobile="on" padding_top="0" padding_bottom="0" custom_padding="0|0" make_fullwidth="off" use_custom_width="off" width_unit="on" make_equal="off" use_custom_gutter="off" template_type="section"][et_pb_row make_fullwidth="on" use_custom_width="off" custom_width="80" gutter_width="1" padding_mobile="on" background_color="rgba(0,0,0,0)" allow_player_pause="off" parallax="off" parallax_method="off" make_equal="off" background_color_1="rgba(0,0,0,0)" background_color_2="rgba(0,0,0,0)" padding_top="0" padding_bottom="0" width_unit="on" custom_padding="0|0" use_custom_gutter="on"][et_pb_column type="2_3"][et_pb_text admin_label="Text" background_layout="light" text_orientation="left" font_select="default" text_size="14px" text_color="7d776f" letter_spacing="0px" line_height="1.7em" use_border_color="off" border_color="#ffffff" border_style="solid" custom_padding="15%|15%|15%|15%"]<h2>Divi Theme</h2>
<p>Donec ullamcorper nulla non metus auctor fringilla. Nulla vitae elit libero, a pharetra augue. Nullam id dolor id nibh ultricies vehicula ut id elit. Vivamus sagittis lacus vel augue laoreet rutrum faucibus dolor auctor.</p>
<p><a style="font-style: italic;" href="#"><strong>Custom Link &gt;</strong></a></p>[/et_pb_text][/et_pb_column][et_pb_column type="1_3"][et_pb_gallery admin_label="Gallery" fullwidth="on" show_title_and_caption="off" show_pagination="off" background_layout="light" auto="on" auto_speed="5000" hover_overlay_color="rgba(255,255,255,0.9)" caption_all_caps="off" use_border_color="off" border_color="#ffffff" border_style="solid" /][/et_pb_column][/et_pb_row][/et_pb_section]]]></content:encoded>
		<excerpt:encoded><![CDATA[]]></excerpt:encoded>
		<wp:post_id>416</wp:post_id>
		<wp:post_date>2015-06-29 23:58:44</wp:post_date>
		<wp:post_date_gmt>2015-06-29 23:58:44</wp:post_date_gmt>
		<wp:comment_status>open</wp:comment_status>
		<wp:ping_status>open</wp:ping_status>
		<wp:post_name>23_13-column-row-fullwidth-gutterless-text-left-image-slider-right</wp:post_name>
		<wp:status>publish</wp:status>
		<wp:post_parent>0</wp:post_parent>
		<wp:menu_order>0</wp:menu_order>
		<wp:post_type>et_pb_layout</wp:post_type>
		<wp:post_password></wp:post_password>
		<wp:is_sticky>0</wp:is_sticky>
		<category domain="layout_category" nicename="interior"><![CDATA[Interior]]></category>
		<category domain="scope" nicename="not_global"><![CDATA[not_global]]></category>
		<category domain="module_width" nicename="regular"><![CDATA[regular]]></category>
		<category domain="layout_type" nicename="section"><![CDATA[section]]></category>
	</item>
	<item>
		<title>3 Column Row :: Fullwidth :: Gutterless :: 3 Image Row</title>
		<link>http://10.1.10.15:8888/interior/et_pb_layout/3-column-row-fullwidth-gutterless-3-image-row/</link>
		<pubDate>Tue, 30 Jun 2015 00:00:07 +0000</pubDate>
		<dc:creator><![CDATA[kennysing]]></dc:creator>
		<guid isPermaLink="false">http://10.1.10.15:8888/interior/et_pb_layout/3-column-row-fullwidth-gutterless-3-image-row/</guid>
		<description></description>
		<content:encoded><![CDATA[[et_pb_section fullwidth="off" specialty="off" transparent_background="off" background_color="#f5f5f2" allow_player_pause="off" inner_shadow="off" parallax="off" parallax_method="off" padding_mobile="on" padding_top="0" padding_bottom="0" custom_padding="0|0" make_fullwidth="off" use_custom_width="off" width_unit="on" make_equal="off" use_custom_gutter="off" template_type="section"][et_pb_row make_fullwidth="on" use_custom_width="off" custom_width="80" gutter_width="1" padding_mobile="on" background_color="rgba(0,0,0,0)" allow_player_pause="off" parallax="off" parallax_method="off" make_equal="off" background_color_1="rgba(0,0,0,0)" background_color_2="rgba(0,0,0,0)" background_color_3="rgba(0,0,0,0)" padding_top="0" padding_bottom="0" width_unit="on" custom_padding="0|0" use_custom_gutter="on"][et_pb_column type="1_3"][et_pb_image admin_label="Image" src="http://elegantthemesimages.com/images/premade/d2-placeholder-1080px.jpg" show_in_lightbox="on" url_new_window="off" animation="off" sticky="off" align="center" use_border_color="off" border_color="#ffffff" border_style="solid" force_fullwidth="off" always_center_on_mobile="on" /][/et_pb_column][et_pb_column type="1_3"][et_pb_image admin_label="Image" src="http://elegantthemesimages.com/images/premade/d2-placeholder-1080px.jpg" show_in_lightbox="on" url_new_window="off" animation="off" sticky="off" align="center" use_border_color="off" border_color="#ffffff" border_style="solid" force_fullwidth="off" always_center_on_mobile="on" /][/et_pb_column][et_pb_column type="1_3"][et_pb_image admin_label="Image" src="http://elegantthemesimages.com/images/premade/d2-placeholder-1080px.jpg" show_in_lightbox="on" url_new_window="off" animation="off" sticky="off" align="center" use_border_color="off" border_color="#ffffff" border_style="solid" force_fullwidth="off" always_center_on_mobile="on" /][/et_pb_column][/et_pb_row][/et_pb_section]]]></content:encoded>
		<excerpt:encoded><![CDATA[]]></excerpt:encoded>
		<wp:post_id>417</wp:post_id>
		<wp:post_date>2015-06-30 00:00:07</wp:post_date>
		<wp:post_date_gmt>2015-06-30 00:00:07</wp:post_date_gmt>
		<wp:comment_status>open</wp:comment_status>
		<wp:ping_status>open</wp:ping_status>
		<wp:post_name>3-column-row-fullwidth-gutterless-3-image-row</wp:post_name>
		<wp:status>publish</wp:status>
		<wp:post_parent>0</wp:post_parent>
		<wp:menu_order>0</wp:menu_order>
		<wp:post_type>et_pb_layout</wp:post_type>
		<wp:post_password></wp:post_password>
		<wp:is_sticky>0</wp:is_sticky>
		<category domain="layout_category" nicename="interior"><![CDATA[Interior]]></category>
		<category domain="scope" nicename="not_global"><![CDATA[not_global]]></category>
		<category domain="module_width" nicename="regular"><![CDATA[regular]]></category>
		<category domain="layout_type" nicename="section"><![CDATA[section]]></category>
	</item>
	<item>
		<title>Contact Footer :: Custom Width 680px</title>
		<link>http://10.1.10.15:8888/interior/et_pb_layout/contact-footer-custom-width-680px/</link>
		<pubDate>Tue, 30 Jun 2015 00:00:53 +0000</pubDate>
		<dc:creator><![CDATA[kennysing]]></dc:creator>
		<guid isPermaLink="false">http://10.1.10.15:8888/interior/et_pb_layout/contact-footer-custom-width-680px/</guid>
		<description></description>
		<content:encoded><![CDATA[[et_pb_section fullwidth="off" specialty="off" transparent_background="off" background_color="#61646c" allow_player_pause="off" inner_shadow="off" parallax="off" parallax_method="off" padding_mobile="off" make_fullwidth="off" use_custom_width="off" width_unit="on" make_equal="off" use_custom_gutter="off" template_type="section"][et_pb_row make_fullwidth="off" use_custom_width="off" custom_width="680px" gutter_width="3" padding_mobile="off" background_color="rgba(0,0,0,0)" allow_player_pause="off" parallax="off" parallax_method="off" make_equal="off" background_color_1="rgba(0,0,0,0)"][et_pb_column type="4_4"][et_pb_text admin_label="Text" background_layout="light" text_orientation="center" font_select="default" text_size="14px" text_color="#d7d8d2" letter_spacing="0px" line_height="1.7em" use_border_color="off" border_color="#ffffff" border_style="solid" custom_css_main_element="max-width: 680px; margin: auto;" text_text_color="#d7d8d2"]<h2 style="color: #f5f5f2;">Get In Touch</h2>
<p>Leave your name and email below along with what you are looking for in the message box. Or you can call us at 123.456.789.</p>[/et_pb_text][/et_pb_column][/et_pb_row][et_pb_row make_fullwidth="off" use_custom_width="off" custom_width="80" gutter_width="3" padding_mobile="off" background_color="rgba(0,0,0,0)" allow_player_pause="off" parallax="off" parallax_method="off" make_equal="off" background_color_1="rgba(0,0,0,0)"][et_pb_column type="4_4"][et_pb_contact_form admin_label="Contact Form" captcha="off" use_form_background_color="on" form_background_color="rgba(0,0,0,0.1)" title_font_select="default" title_font_size="26px" form_field_font_select="default" form_field_font_size="14px" use_border_color="off" border_color="#ffffff" border_style="solid" custom_css_main_element="max-width: 680px; margin: auto" custom_css_contact_button="float: none;" custom_button="off" button_use_icon="default" button_icon_placement="right" button_on_hover="on" button_letter_spacing="0" button_letter_spacing_hover="0" /][/et_pb_column][/et_pb_row][/et_pb_section]]]></content:encoded>
		<excerpt:encoded><![CDATA[]]></excerpt:encoded>
		<wp:post_id>418</wp:post_id>
		<wp:post_date>2015-06-30 00:00:53</wp:post_date>
		<wp:post_date_gmt>2015-06-30 00:00:53</wp:post_date_gmt>
		<wp:comment_status>open</wp:comment_status>
		<wp:ping_status>open</wp:ping_status>
		<wp:post_name>contact-footer-custom-width-680px</wp:post_name>
		<wp:status>publish</wp:status>
		<wp:post_parent>0</wp:post_parent>
		<wp:menu_order>0</wp:menu_order>
		<wp:post_type>et_pb_layout</wp:post_type>
		<wp:post_password></wp:post_password>
		<wp:is_sticky>0</wp:is_sticky>
		<category domain="layout_category" nicename="interior"><![CDATA[Interior]]></category>
		<category domain="scope" nicename="not_global"><![CDATA[not_global]]></category>
		<category domain="module_width" nicename="regular"><![CDATA[regular]]></category>
		<category domain="layout_type" nicename="section"><![CDATA[section]]></category>
	</item>
	<item>
		<title>Global Contact Footer :: Custom Width 680px</title>
		<link>http://10.1.10.15:8888/interior/et_pb_layout/global-contact-footer-custom-width-680px/</link>
		<pubDate>Tue, 30 Jun 2015 00:14:52 +0000</pubDate>
		<dc:creator><![CDATA[kennysing]]></dc:creator>
		<guid isPermaLink="false">http://10.1.10.15:8888/interior/et_pb_layout/global-contact-footer-custom-width-680px/</guid>
		<description></description>
		<content:encoded><![CDATA[[et_pb_section fullwidth="off" specialty="off" transparent_background="off" background_color="#61646c" allow_player_pause="off" inner_shadow="off" parallax="off" parallax_method="off" padding_mobile="off" make_fullwidth="off" use_custom_width="off" width_unit="on" make_equal="off" use_custom_gutter="off" template_type="section"][et_pb_row make_fullwidth="off" use_custom_width="off" custom_width="680px" gutter_width="3" padding_mobile="off" background_color="rgba(0,0,0,0)" allow_player_pause="off" parallax="off" parallax_method="off" make_equal="off" background_color_1="rgba(0,0,0,0)"][et_pb_column type="4_4"][et_pb_text admin_label="Text" background_layout="light" text_orientation="center" font_select="default" text_size="14px" text_color="#d7d8d2" letter_spacing="0px" line_height="1.7em" use_border_color="off" border_color="#ffffff" border_style="solid" custom_css_main_element="max-width: 680px; margin: auto;" text_text_color="#d7d8d2"]<h2 style="color: #f5f5f2;">Get In Touch</h2>
<p>Leave your name and email below along with what you are looking for in the message box. Or you can call us at 123.456.789.</p>[/et_pb_text][/et_pb_column][/et_pb_row][et_pb_row make_fullwidth="off" use_custom_width="off" custom_width="80" gutter_width="3" padding_mobile="off" background_color="rgba(0,0,0,0)" allow_player_pause="off" parallax="off" parallax_method="off" make_equal="off" background_color_1="rgba(0,0,0,0)"][et_pb_column type="4_4"][et_pb_contact_form admin_label="Contact Form" captcha="off" use_form_background_color="on" form_background_color="rgba(0,0,0,0.1)" title_font_select="default" title_font_size="26px" form_field_font_select="default" form_field_font_size="14px" use_border_color="off" border_color="#ffffff" border_style="solid" custom_css_main_element="max-width: 680px; margin: auto" custom_css_contact_button="float: none;" custom_button="off" button_use_icon="default" button_icon_placement="right" button_on_hover="on" button_letter_spacing="0" button_letter_spacing_hover="0" /][/et_pb_column][/et_pb_row][/et_pb_section]]]></content:encoded>
		<excerpt:encoded><![CDATA[]]></excerpt:encoded>
		<wp:post_id>419</wp:post_id>
		<wp:post_date>2015-06-30 00:14:52</wp:post_date>
		<wp:post_date_gmt>2015-06-30 00:14:52</wp:post_date_gmt>
		<wp:comment_status>open</wp:comment_status>
		<wp:ping_status>open</wp:ping_status>
		<wp:post_name>global-contact-footer-custom-width-680px</wp:post_name>
		<wp:status>publish</wp:status>
		<wp:post_parent>0</wp:post_parent>
		<wp:menu_order>0</wp:menu_order>
		<wp:post_type>et_pb_layout</wp:post_type>
		<wp:post_password></wp:post_password>
		<wp:is_sticky>0</wp:is_sticky>
		<category domain="scope" nicename="global"><![CDATA[global]]></category>
		<category domain="layout_category" nicename="interior"><![CDATA[Interior]]></category>
		<category domain="module_width" nicename="regular"><![CDATA[regular]]></category>
		<category domain="layout_type" nicename="section"><![CDATA[section]]></category>
	</item>
</channel>
</rss>
